Query_number,doc_number
1089273,58
1089273,590
1089273,965
1089273,688
1089273,540
1089273,807
1089273,1112
1089273,36
1089273,1314
1089273,1279
1087869,1478
1087869,1206
1087869,524
1087869,1132
1087869,734
1087869,1401
1087869,788
1087869,375
1087869,257
1087869,1349
1087858,707
1087858,547
1087858,1217
1087858,1034
1087858,587
1087858,1377
1087858,432
1087858,858
1087858,586
1087858,1315
1087532,942
1087532,603
1087532,200
1087532,595
1087532,601
1087532,1449
1087532,1001
1087532,906
1087532,1002
1087532,122
1086886,466
1086886,407
1086886,90
1086886,1248
1086886,1198
1086886,263
1086886,481
1086886,776
1086886,558
1086886,1077
1100937,145
1100937,1484
1100937,271
1100937,1204
1100937,201
1100937,231
1100937,775
1100937,1166
1100937,1407
1100937,1301
1100930,279
1100930,1206
1100930,1420
1100930,276
1100930,375
1100930,1404
1100930,315
1100930,1149
1100930,1423
1100930,1038
1086281,815
1086281,1079
1086281,79
1086281,710
1086281,701
1086281,583
1086281,1167
1086281,728
1086281,1470
1086281,722
1085013,1439
1085013,667
1085013,1319
1085013,312
1085013,1139
1085013,763
1085013,521
1085013,1306
1085013,480
1085013,101
1085008,1516
1085008,722
1085008,489
1085008,1476
1085008,1238
1085008,411
1085008,1014
1085008,1331
1085008,650
1085008,1412
1084898,487
1084898,229
1084898,1005
1084898,1056
1084898,1231
1084898,866
1084898,1390
1084898,179
1084898,661
1084898,991
1084336,127
1084336,964
1084336,1254
1084336,1295
1084336,875
1084336,642
1084336,870
1084336,502
1084336,593
1084336,388
1083926,681
1083926,918
1083926,1218
1083926,688
1083926,515
1083926,456
1083926,1082
1083926,988
1083926,561
1083926,1406
1083727,1396
1083727,642
1083727,1418
1083727,661
1083727,1314
1083727,83
1083727,1367
1083727,1189
1083727,1462
1083727,436
1083721,1546
1083721,305
1083721,1158
1083721,900
1083721,977
1083721,851
1083721,838
1083721,608
1083721,3
1083721,1295
1081730,391
1081730,45
1081730,163
1081730,363
1081730,713
1081730,111
1081730,678
1081730,384
1081730,895
1081730,25
1081338,550
1081338,160
1081338,928
1081338,1033
1081338,1203
1081338,502
1081338,1111
1081338,1188
1081338,1268
1081338,679
1077002,383
1077002,945
1077002,1059
1077002,125
1077002,868
1077002,172
1077002,632
1077002,377
1077002,246
1077002,1301
1074807,1040
1074807,439
1074807,687
1074807,1352
1074807,1149
1074807,992
1074807,855
1074807,89
1074807,593
1074807,451
1069521,265
1069521,290
1069521,397
1069521,900
1069521,912
1069521,1384
1069521,1134
1069521,1325
1069521,133
1069521,638
1067587,274
1067587,1430
1067587,334
1067587,218
1067587,91
1067587,1347
1067587,460
1067587,1311
1067587,93
1067587,640
1066709,127
1066709,89
1066709,175
1066709,66
1066709,5
1066709,291
1066709,1346
1066709,1268
1066709,870
1066709,577
1063892,1445
1063892,842
1063892,1404
1063892,609
1063892,1206
1063892,1267
1063892,253
1063892,1420
1063892,386
1063892,315
1062687,266
1062687,1057
1062687,799
1062687,153
1062687,1455
1062687,959
1062687,1527
1062687,604
1062687,1414
1062687,4
1060496,1275
1060496,842
1060496,792
1060496,1346
1060496,178
1060496,1330
1060496,1420
1060496,678
1060496,386
1060496,1325
1053901,624
1053901,1412
1053901,1492
1053901,333
1053901,641
1053901,838
1053901,673
1053901,924
1053901,970
1053901,56
1052985,614
1052985,115
1052985,843
1052985,1343
1052985,179
1052985,1494
1052985,235
1052985,1189
1052985,162
1052985,286
1051520,218
1051520,745
1051520,1114
1051520,1172
1051520,1117
1051520,486
1051520,1311
1051520,250
1051520,610
1051520,655
1048185,1325
1048185,82
1048185,305
1048185,1552
1048185,290
1048185,208
1048185,882
1048185,1117
1048185,816
1048185,631
1047738,758
1047738,267
1047738,750
1047738,836
1047738,1057
1047738,139
1047738,577
1047738,115
1047738,870
1047738,244
1047548,524
1047548,520
1047548,462
1047548,1234
1047548,308
1047548,425
1047548,632
1047548,239
1047548,1117
1047548,1029
1046520,1522
1046520,605
1046520,58
1046520,884
1046520,59
1046520,1470
1046520,637
1046520,1197
1046520,805
1046520,1534
1046042,91
1046042,383
1046042,1057
1046042,1321
1046042,765
1046042,520
1046042,1298
1046042,1184
1046042,52
1046042,341
1045709,1529
1045709,348
1045709,313
1045709,731
1045709,93
1045709,395
1045709,1385
1045709,1513
1045709,1504
1045709,159
1040848,1318
1040848,1513
1040848,1241
1040848,1146
1040848,1381
1040848,972
1040848,1537
1040848,1062
1040848,445
1040848,202
1039728,391
1039728,746
1039728,1080
1039728,35
1039728,363
1039728,713
1039728,819
1039728,755
1039728,814
1039728,913
1099980,515
1099980,1338
1099980,48
1099980,122
1099980,1314
1099980,640
1099980,611
1099980,561
1099980,82
1099980,972
1037872,1021
1037872,399
1037872,1011
1037872,577
1037872,662
1037872,1106
1037872,504
1037872,1508
1037872,441
1037872,687
1033718,568
1033718,776
1033718,1273
1033718,548
1033718,310
1033718,1459
1033718,1222
1033718,505
1033718,716
1033718,421
1031861,547
1031861,1194
1031861,1162
1031861,491
1031861,1143
1031861,396
1031861,1324
1031861,411
1031861,1486
1031861,707
1029058,369
1029058,15
1029058,1297
1029058,149
1029058,1552
1029058,1326
1029058,19
1029058,541
1029058,563
1029058,977
1099805,857
1099805,837
1099805,1497
1099805,650
1099805,1077
1099805,359
1099805,238
1099805,331
1099805,947
1099805,481
1024069,1156
1024069,220
1024069,281
1024069,826
1024069,300
1024069,666
1024069,717
1024069,226
1024069,998
1024069,1119
1022907,644
1022907,300
1022907,791
1022907,76
1022907,1029
1022907,1213
1022907,610
1022907,998
1022907,1163
1022907,281
1020724,1475
1020724,70
1020724,180
1020724,306
1020724,721
1020724,1033
1020724,948
1020724,255
1020724,1140
1020724,1441
1019262,1509
1019262,354
1019262,490
1019262,343
1019262,780
1019262,1262
1019262,564
1019262,150
1019262,777
1019262,295
1018032,969
1018032,233
1018032,136
1018032,147
1018032,386
1018032,1330
1018032,410
1018032,1017
1018032,1518
1018032,690
1009724,807
1009724,286
1009724,1057
1009724,1208
1009724,694
1009724,397
1009724,92
1009724,827
1009724,724
1009724,1522
1003351,1295
1003351,300
1003351,593
1003351,1136
1003351,791
1003351,1116
1003351,611
1003351,803
1003351,140
1003351,1204
998646,1162
998646,909
998646,1304
998646,1149
998646,547
998646,1047
998646,49
998646,404
998646,903
998646,1520
996414,916
996414,721
996414,981
996414,1185
996414,322
996414,1451
996414,363
996414,713
996414,763
996414,779
994397,1261
994397,1342
994397,54
994397,790
994397,1060
994397,829
994397,343
994397,843
994397,1118
994397,905
1099217,630
1099217,910
1099217,371
1099217,138
1099217,1294
1099217,300
1099217,353
1099217,1506
1099217,427
1099217,1402
993320,601
993320,942
993320,906
993320,576
993320,700
993320,451
993320,1001
993320,595
993320,1149
993320,603
993178,470
993178,773
993178,208
993178,211
993178,1205
993178,1251
993178,1438
993178,419
993178,1095
993178,631
992946,1248
992946,466
992946,407
992946,749
992946,538
992946,90
992946,1425
992946,263
992946,884
992946,744
992840,1417
992840,1259
992840,1274
992840,1265
992840,682
992840,764
992840,1307
992840,725
992840,946
992840,765
992677,1156
992677,226
992677,1354
992677,220
992677,797
992677,511
992677,680
992677,666
992677,761
992677,1044
992257,1458
992257,997
992257,763
992257,620
992257,274
992257,1111
992257,1341
992257,312
992257,1049
992257,891
990841,1264
990841,123
990841,1051
990841,526
990841,166
990841,806
990841,130
990841,1140
990841,862
990841,1228
986068,888
986068,222
986068,174
986068,645
986068,1449
986068,1001
986068,1227
986068,1510
986068,64
986068,906
985431,834
985431,100
985431,859
985431,1037
985431,1179
985431,627
985431,592
985431,528
985431,187
985431,1551
985173,291
985173,593
985173,127
985173,870
985173,764
985173,751
985173,270
985173,1362
985173,93
985173,1041
129837,148
129837,309
129837,741
129837,80
129837,1448
129837,411
129837,1144
129837,596
129837,1116
129837,788
81993,434
81993,1263
81993,303
81993,548
81993,1191
81993,1197
81993,709
81993,179
81993,829
81993,137
181394,50
181394,348
181394,751
181394,57
181394,453
181394,907
181394,390
181394,504
181394,836
181394,153
244821,1408
244821,1036
244821,1443
244821,25
244821,168
244821,678
244821,866
244821,1250
244821,1466
244821,1334
80590,1390
80590,229
80590,1231
80590,938
80590,487
80590,1005
80590,1056
80590,179
80590,10
80590,661
1098698,1280
1098698,866
1098698,25
1098698,847
1098698,1036
1098698,168
1098698,1385
1098698,85
1098698,1008
1098698,1056
172787,1101
172787,962
172787,173
172787,197
172787,382
172787,22
172787,1196
172787,838
172787,1169
172787,957
234998,113
234998,1287
234998,609
234998,542
234998,883
234998,55
234998,1378
234998,1465
234998,1184
234998,1532
305361,1231
305361,1390
305361,995
305361,1056
305361,229
305361,1375
305361,133
305361,913
305361,1317
305361,1228
208339,1137
208339,988
208339,207
208339,677
208339,847
208339,1180
208339,1218
208339,1078
208339,1102
208339,681
305333,1231
305333,1390
305333,995
305333,1056
305333,229
305333,1375
305333,913
305333,1317
305333,133
305333,991
278863,1130
278863,478
278863,1255
278863,110
278863,248
278863,184
278863,801
278863,580
278863,723
278863,806
209651,1153
209651,677
209651,681
209651,1218
209651,988
209651,207
209651,977
209651,1208
209651,623
209651,408
1098338,51
1098338,418
1098338,490
1098338,892
1098338,1466
1098338,875
1098338,454
1098338,1254
1098338,1368
1098338,1262
85954,1402
85954,1411
85954,62
85954,1361
85954,312
85954,309
85954,1205
85954,852
85954,198
85954,1341
1102028,692
1102028,645
1102028,729
1102028,884
1102028,676
1102028,383
1102028,637
1102028,370
1102028,115
1102028,895
190212,709
190212,599
190212,1165
190212,804
190212,840
190212,623
190212,1438
190212,1131
190212,108
190212,812
259128,644
259128,892
259128,418
259128,353
259128,1466
259128,510
259128,1545
259128,314
259128,1093
259128,860
137411,466
137411,407
137411,90
137411,1248
137411,1198
137411,593
137411,642
137411,776
137411,291
137411,665
324645,1122
324645,334
324645,66
324645,992
324645,1352
324645,293
324645,140
324645,259
324645,819
324645,20
76770,538
76770,1425
76770,1101
76770,595
76770,749
76770,518
76770,90
76770,597
76770,1464
76770,549
234165,1302
234165,570
234165,656
234165,295
234165,1253
234165,1035
234165,1369
234165,352
234165,1328
234165,1454
326509,923
326509,825
326509,1395
326509,963
326509,802
326509,1509
326509,108
326509,497
326509,840
326509,454
236427,304
236427,249
236427,19
236427,46
236427,401
236427,989
236427,1364
236427,154
236427,420
236427,979
46095,886
46095,977
46095,1147
46095,130
46095,1180
46095,221
46095,677
46095,1546
46095,776
46095,702
196596,482
196596,680
196596,1419
196596,538
196596,571
196596,712
196596,1354
196596,1552
196596,761
196596,226
1097469,802
1097469,158
1097469,709
1097469,623
1097469,254
1097469,94
1097469,398
1097469,923
1097469,829
1097469,1087
406576,1459
406576,1479
406576,1222
406576,8
406576,310
406576,582
406576,1066
406576,167
406576,776
406576,233
463373,879
463373,1257
463373,471
463373,1291
463373,992
463373,1312
463373,519
463373,93
463373,297
463373,52
577813,895
577813,259
577813,1014
577813,196
577813,721
577813,917
577813,831
577813,1524
577813,430
577813,1332
569674,291
569674,593
569674,127
569674,870
569674,764
569674,1417
569674,751
569674,93
569674,665
569674,1362
669979,863
669979,1020
669979,1003
669979,256
669979,536
669979,33
669979,1343
669979,657
669979,262
669979,128
648877,1323
648877,532
648877,1544
648877,1016
648877,196
648877,881
648877,1385
648877,1524
648877,1120
648877,395
528760,614
528760,286
528760,561
528760,115
528760,159
528760,498
528760,1059
528760,452
528760,1317
528760,1452
709936,1429
709936,275
709936,1452
709936,286
709936,597
709936,424
709936,296
709936,1117
709936,1059
709936,179
523952,1012
523952,1172
523952,71
523952,1338
523952,1107
523952,122
523952,57
523952,157
523952,676
523952,1050
1097118,1131
1097118,56
1097118,923
1097118,343
1097118,928
1097118,1118
1097118,94
1097118,963
1097118,829
1097118,970
261098,168
261098,1409
261098,591
261098,581
261098,353
261098,1385
261098,6
261098,545
261098,510
261098,641
1096998,1341
1096998,859
1096998,130
1096998,100
1096998,1147
1096998,1129
1096998,1458
1096998,1111
1096998,1088
1096998,1097
454258,161
454258,718
454258,1246
454258,580
454258,1351
454258,188
454258,405
454258,1180
454258,1103
454258,1006
554511,1312
554511,1021
554511,504
554511,1123
554511,524
554511,131
554511,52
554511,1237
554511,1424
554511,950
1096787,415
1096787,647
1096787,1411
1096787,1400
1096787,1341
1096787,144
1096787,1110
1096787,1249
1096787,903
1096787,1129
415165,322
415165,478
415165,626
415165,1451
415165,430
415165,1524
415165,806
415165,282
415165,1048
415165,636
626232,1544
626232,1385
626232,532
626232,196
626232,1524
626232,128
626232,1323
626232,860
626232,951
626232,134
484551,1549
484551,210
484551,696
484551,326
484551,1526
484551,95
484551,480
484551,139
484551,667
484551,1249
660534,829
660534,840
660534,709
660534,254
660534,804
660534,989
660534,802
660534,923
660534,812
660534,1368
399617,1401
399617,741
399617,788
399617,1461
399617,78
399617,699
399617,213
399617,1144
399617,951
399617,1556
453705,667
453705,362
453705,128
453705,1491
453705,1020
453705,256
453705,170
453705,433
453705,105
453705,189
282214,1411
282214,1341
282214,222
282214,298
282214,1249
282214,1090
282214,553
282214,852
282214,183
282214,1205
749955,800
749955,993
749955,1169
749955,673
749955,302
749955,1412
749955,149
749955,382
749955,924
749955,10
506985,1489
506985,239
506985,281
506985,1018
506985,880
506985,998
506985,649
506985,76
506985,1334
506985,1250
662436,1276
662436,1186
662436,501
662436,867
662436,1109
662436,615
662436,1427
662436,1335
662436,1418
662436,1146
652556,122
652556,1012
652556,861
652556,645
652556,729
652556,1172
652556,676
652556,686
652556,656
652556,1072
697780,1187
697780,1181
697780,91
697780,765
697780,243
697780,1067
697780,611
697780,390
697780,393
697780,1511
478295,683
478295,598
478295,1434
478295,1042
478295,1081
478295,1220
478295,63
478295,944
478295,735
478295,1054
463635,470
463635,1290
463635,26
463635,281
463635,419
463635,882
463635,1095
463635,661
463635,1334
463635,1233
758901,1318
758901,1007
758901,202
758901,603
758901,1146
758901,58
758901,1312
758901,776
758901,383
758901,93
77424,1124
77424,581
77424,552
77424,1150
77424,1233
77424,1117
77424,344
77424,173
77424,549
77424,338
1095955,1066
1095955,1422
1095955,330
1095955,1389
1095955,623
1095955,825
1095955,221
1095955,108
1095955,588
1095955,167
481297,1375
481297,446
481297,1159
481297,660
481297,638
481297,694
481297,877
481297,471
481297,516
481297,672
525534,769
525534,969
525534,921
525534,1456
525534,656
525534,1540
525534,410
525534,354
525534,1332
525534,619
1095807,1161
1095807,660
1095807,35
1095807,488
1095807,1555
1095807,227
1095807,5
1095807,1291
1095807,376
1095807,1272
733510,621
733510,1545
733510,1213
733510,644
733510,610
733510,149
733510,382
733510,10
733510,1163
733510,76
508855,991
508855,328
508855,1390
508855,866
508855,229
508855,661
508855,1334
508855,1005
508855,1323
508855,1056
108037,913
108037,638
108037,1235
108037,1375
108037,1122
108037,392
108037,660
108037,855
108037,992
108037,844
575146,476
575146,998
575146,300
575146,220
575146,1156
575146,791
575146,1290
575146,803
575146,666
575146,332
1095654,412
1095654,216
1095654,992
1095654,467
1095654,1230
1095654,39
1095654,135
1095654,658
1095654,927
1095654,1305
524447,1326
524447,1325
524447,138
524447,563
524447,960
524447,1552
524447,1492
524447,1297
524447,1192
524447,882
658372,941
658372,9
658372,64
658372,365
658372,1430
658372,1079
658372,869
658372,1299
658372,1271
658372,719
581801,989
581801,910
581801,138
581801,1192
581801,887
581801,924
581801,522
581801,371
581801,1326
581801,333
744092,845
744092,26
744092,600
744092,1438
744092,470
744092,1380
744092,1052
744092,599
744092,239
744092,991
415815,1145
415815,1097
415815,927
415815,1517
415815,48
415815,489
415815,784
415815,1477
415815,374
415815,951
754113,673
754113,67
754113,558
754113,1317
754113,800
754113,1371
754113,382
754113,840
754113,1395
754113,993
701663,1134
701663,1322
701663,232
701663,688
701663,1279
701663,1142
701663,1541
701663,116
701663,603
701663,1490
2235,405
2235,1523
2235,188
2235,671
2235,1114
2235,587
2235,1307
2235,1281
2235,161
2235,632
274175,259
274175,234
274175,416
274175,819
274175,861
274175,1345
274175,1411
274175,668
274175,1035
274175,216
1094996,207
1094996,1147
1094996,1180
1094996,75
1094996,1172
1094996,1208
1094996,74
1094996,139
1094996,1327
1094996,1413
391125,1296
391125,1468
391125,364
391125,1392
391125,732
391125,500
391125,1432
391125,1410
391125,868
391125,284
752700,509
752700,1269
752700,694
752700,370
752700,912
752700,1279
752700,116
752700,1314
752700,1462
752700,734
580450,697
580450,30
580450,1315
580450,915
580450,364
580450,1407
580450,633
580450,1171
580450,1350
580450,1301
661076,923
661076,254
661076,840
661076,343
661076,158
661076,812
661076,56
661076,829
661076,802
661076,108
722352,203
722352,1346
722352,1521
722352,539
722352,864
722352,1349
722352,5
722352,1483
722352,1106
722352,530
138266,572
138266,1186
138266,106
138266,895
138266,867
138266,983
138266,252
138266,238
138266,1496
138266,619
559009,1078
559009,45
559009,163
559009,678
559009,384
559009,1222
559009,12
559009,912
559009,805
559009,481
528117,857
528117,1077
528117,837
528117,481
528117,675
528117,1153
528117,331
528117,424
528117,56
528117,1360
689700,237
689700,679
689700,1356
689700,436
689700,1169
689700,800
689700,1188
689700,146
689700,794
689700,673
549135,1447
549135,1342
549135,1552
549135,1084
549135,1325
549135,1127
549135,1192
549135,840
549135,1165
549135,1326
633635,1024
633635,1119
633635,1309
633635,517
633635,1282
633635,523
633635,37
633635,1101
633635,344
633635,77
639545,1340
639545,861
639545,1050
639545,1529
639545,1312
639545,1318
639545,668
639545,199
639545,189
639545,453
453851,433
453851,920
453851,285
453851,99
453851,73
453851,469
453851,710
453851,1491
453851,684
453851,64
1094605,249
1094605,1292
1094605,749
1094605,595
1094605,663
1094605,1163
1094605,1429
1094605,942
1094605,1121
1094605,843
1094578,1375
1094578,694
1094578,1554
1094578,851
1094578,1537
1094578,827
1094578,660
1094578,103
1094578,471
1094578,1232
6791,535
6791,701
6791,1224
6791,335
6791,543
6791,1049
6791,62
6791,492
6791,1462
6791,1195
473935,127
473935,1372
473935,91
473935,943
473935,1091
473935,433
473935,955
473935,1116
473935,1430
473935,736
563995,432
563995,862
563995,173
563995,249
563995,740
563995,603
563995,693
563995,894
563995,413
563995,200
1101670,1341
1101670,636
1101670,356
1101670,809
1101670,1129
1101670,1088
1101670,75
1101670,268
1101670,1421
1101670,177
21948,1282
21948,953
21948,474
21948,590
21948,1309
21948,317
21948,1327
21948,58
21948,846
21948,976
138223,1418
138223,515
138223,128
138223,1020
138223,1125
138223,1325
138223,189
138223,193
138223,83
138223,239
563771,824
563771,776
563771,611
563771,1522
563771,458
563771,1406
563771,688
563771,1057
563771,614
563771,593
473394,767
473394,1149
473394,1363
473394,959
473394,660
473394,1073
473394,1542
473394,864
473394,1398
473394,1161
1093926,531
1093926,823
1093926,467
1093926,1135
1093926,658
1093926,1305
1093926,1469
1093926,285
1093926,1448
1093926,1340
605648,1034
605648,324
605648,386
605648,63
605648,747
605648,735
605648,650
605648,1518
605648,1042
605648,495
982481,707
982481,1518
982481,1284
982481,869
982481,95
982481,63
982481,1520
982481,1349
982481,355
982481,1047
939473,40
939473,1357
939473,147
939473,1173
939473,1545
939473,768
939473,621
939473,1194
939473,1287
939473,1114
853057,164
853057,1470
853057,521
853057,57
853057,368
853057,492
853057,1224
853057,1318
853057,799
853057,809
29612,1491
29612,1318
29612,348
29612,1003
29612,28
29612,128
29612,1172
29612,1481
29612,540
29612,414
1093698,790
1093698,1163
1093698,239
1093698,1131
1093698,845
1093698,76
1093698,610
1093698,1250
1093698,1489
1093698,84
942221,873
942221,916
942221,355
942221,982
942221,123
942221,499
942221,1475
942221,442
942221,933
942221,1472
913509,1156
913509,37
913509,1024
913509,666
913509,1155
913509,220
913509,476
913509,397
913509,923
913509,826
230725,820
230725,1320
230725,493
230725,1217
230725,769
230725,1086
230725,63
230725,1514
230725,233
230725,903
1093552,1485
1093552,176
1093552,1102
1093552,754
1093552,1547
1093552,1218
1093552,4
1093552,215
1093552,988
1093552,847
899869,630
899869,910
899869,138
899869,1506
899869,371
899869,989
899869,1192
899869,1294
899869,538
899869,972
1093349,1259
1093349,326
1093349,946
1093349,725
1093349,68
1093349,657
1093349,642
1093349,1265
1093349,915
1093349,682
804103,719
804103,1483
804103,869
804103,181
804103,1486
804103,969
804103,996
804103,1431
804103,1239
804103,467
813675,21
813675,1456
813675,1540
813675,1275
813675,727
813675,1436
813675,940
813675,819
813675,769
813675,1319
1093238,1082
1093238,1180
1093238,1218
1093238,75
1093238,1413
1093238,515
1093238,207
1093238,681
1093238,1327
1093238,919
891082,138
891082,910
891082,1192
891082,989
891082,487
891082,333
891082,1005
891082,1402
891082,1506
891082,522
321918,1524
321918,259
321918,478
321918,557
321918,874
321918,486
321918,819
321918,913
321918,1255
321918,66
983438,1434
983438,494
983438,986
983438,63
983438,1285
983438,55
983438,366
983438,878
983438,1456
983438,1335
109647,1375
109647,1537
109647,471
109647,1159
109647,832
109647,446
109647,660
109647,519
109647,1056
109647,672
1046952,1140
1046952,499
1046952,123
1046952,1033
1046952,839
1046952,1475
1046952,442
1046952,835
1046952,177
1046952,1157
872347,204
872347,27
872347,1107
872347,1525
872347,24
872347,246
872347,210
872347,1265
872347,480
872347,71
788702,1401
788702,520
788702,788
788702,514
788702,462
788702,245
788702,50
788702,1184
788702,736
788702,632
803599,1440
803599,671
803599,1103
803599,885
803599,821
803599,1307
803599,405
803599,587
803599,782
803599,895
362016,402
362016,1243
362016,1373
362016,379
362016,250
362016,1344
362016,625
362016,762
362016,276
362016,1420
841521,310
841521,912
841521,1466
841521,35
841521,724
841521,429
841521,1066
841521,1262
841521,116
841521,108
958311,748
958311,647
958311,177
958311,456
958311,1183
958311,627
958311,1466
958311,806
958311,1458
958311,1515
1092978,946
1092978,403
1092978,704
1092978,997
1092978,831
1092978,536
1092978,210
1092978,282
1092978,1235
1092978,980
1037104,1407
1037104,710
1037104,123
1037104,479
1037104,859
1037104,1421
1037104,1065
1037104,347
1037104,1441
1037104,101
920717,455
920717,9
920717,365
920717,1167
920717,1250
920717,1382
920717,1499
920717,1540
920717,578
920717,1299
810324,290
810324,507
810324,816
810324,994
810324,882
810324,1158
810324,1374
810324,16
810324,1394
810324,305
1037826,1331
1037826,1140
1037826,123
1037826,1230
1037826,1475
1037826,1528
1037826,806
1037826,565
1037826,1088
1037826,268
1092822,1029
1092822,610
1092822,76
1092822,10
1092822,149
1092822,84
1092822,760
1092822,281
1092822,1412
1092822,1213
839137,1507
839137,1037
839137,814
839137,798
839137,674
839137,249
839137,300
839137,1534
839137,1211
839137,23
930483,119
930483,618
930483,577
930483,868
930483,1491
930483,736
930483,920
930483,186
930483,463
930483,172
929046,1332
929046,492
929046,410
929046,1080
929046,815
929046,543
929046,613
929046,743
929046,298
929046,861
111377,671
111377,405
111377,1040
111377,782
111377,1378
111377,885
111377,377
111377,913
111377,1511
111377,992
1092715,469
1092715,1137
1092715,433
1092715,327
1092715,285
1092715,674
1092715,722
1092715,710
1092715,696
1092715,1491
897789,40
897789,1357
897789,147
897789,1517
897789,1173
897789,768
897789,1497
897789,609
897789,1287
897789,1545
1026372,1033
1026372,177
1026372,1157
1026372,123
1026372,636
1026372,1140
1026372,681
1026372,715
1026372,839
1026372,282
1092474,152
1092474,115
1092474,694
1092474,392
1092474,621
1092474,1321
1092474,695
1092474,1545
1092474,436
1092474,1250
914707,995
914707,173
914707,558
914707,1023
914707,138
914707,382
914707,149
914707,58
914707,999
914707,1546
370316,1269
370316,1134
370316,108
370316,146
370316,117
370316,1066
370316,1360
370316,303
370316,429
370316,623
1092416,1547
1092416,1418
1092416,1036
1092416,659
1092416,925
1092416,151
1092416,1166
1092416,449
1092416,1351
1092416,101
255633,1287
255633,1167
255633,943
255633,467
255633,823
255633,1064
255633,1477
255633,1194
255633,102
255633,1239
1092327,1233
1092327,1442
1092327,1169
1092327,827
1092327,107
1092327,88
1092327,1133
1092327,984
1092327,717
1092327,1425
872632,27
872632,204
872632,98
872632,669
872632,28
872632,863
872632,128
872632,1418
872632,307
872632,1107
1092237,790
1092237,812
1092237,1131
1092237,1169
1092237,804
1092237,673
1092237,333
1092237,1342
1092237,517
1092237,1024
902919,304
902919,1084
902919,56
902919,46
902919,634
902919,1002
902919,401
902919,989
902919,526
902919,825
1092203,50
1092203,901
1092203,867
1092203,1037
1092203,544
1092203,894
1092203,346
1092203,799
1092203,358
1092203,191
917536,164
917536,809
917536,1318
917536,1531
917536,57
917536,668
917536,995
917536,799
917536,535
917536,740
820899,174
820899,297
820899,1302
820899,1532
820899,352
820899,1218
820899,1530
820899,1454
820899,769
820899,775
1042399,1451
1042399,1230
1042399,629
1042399,839
1042399,494
1042399,130
1042399,1458
1042399,1440
1042399,1048
1042399,1341
813899,1272
813899,1471
813899,878
813899,1267
813899,1434
813899,975
813899,1207
813899,216
813899,227
813899,959
906126,334
906126,632
906126,367
906126,292
906126,1015
906126,140
906126,192
906126,546
906126,1307
906126,835
1006987,1440
1006987,671
1006987,1539
1006987,1103
1006987,415
1006987,778
1006987,858
1006987,587
1006987,356
1006987,1252
982348,667
982348,735
982348,1456
982348,403
982348,748
982348,63
982348,908
982348,1300
982348,1180
982348,316
1091643,253
1091643,276
1091643,1420
1091643,315
1091643,378
1091643,1404
1091643,909
1091643,1038
1091643,1206
1091643,903
770604,318
770604,319
770604,520
770604,1026
770604,788
770604,1068
770604,1228
770604,1127
770604,1337
770604,1142
834848,371
834848,138
834848,1192
834848,1199
834848,1338
834848,630
834848,541
834848,910
834848,397
834848,1406
1091522,68
1091522,1067
1091522,955
1091522,272
1091522,1298
1091522,1004
1091522,640
1091522,1538
1091522,1511
1091522,250
765583,317
765583,1160
765583,1285
765583,1416
765583,443
765583,1112
765583,694
765583,423
765583,256
765583,912
860542,1050
860542,155
860542,288
860542,1302
860542,1454
860542,189
860542,295
860542,645
860542,758
860542,1247
804687,1172
804687,157
804687,295
804687,1322
804687,215
804687,1
804687,214
804687,656
804687,738
804687,937
970830,332
970830,1044
970830,1196
970830,511
970830,476
970830,226
970830,1248
970830,1405
970830,507
970830,1002
909176,621
909176,1213
909176,1240
909176,1545
909176,1321
909176,520
909176,485
909176,610
909176,77
909176,794
872655,204
872655,682
872655,1107
872655,1497
872655,27
872655,1065
872655,246
872655,248
872655,1525
872655,210
1021679,1506
1021679,138
1021679,371
1021679,910
1021679,630
1021679,1192
1021679,1294
1021679,972
1021679,989
1021679,887
25036,845
25036,826
25036,717
25036,239
25036,22
25036,811
25036,281
25036,998
25036,10
25036,790
286915,41
286915,555
286915,1345
286915,740
286915,1295
286915,295
286915,603
286915,432
286915,1541
286915,200
786477,1304
786477,359
786477,778
786477,242
786477,49
786477,404
786477,1445
786477,1521
786477,817
786477,654
1025895,187
1025895,1046
1025895,1094
1025895,100
1025895,714
1025895,1037
1025895,859
1025895,1063
1025895,702
1025895,1415
1078752,76
1078752,610
1078752,239
1078752,1093
1078752,811
1078752,1489
1078752,1039
1078752,880
1078752,644
1078752,1018
938359,719
938359,27
938359,1549
938359,1384
938359,1143
938359,271
938359,434
938359,1468
938359,1194
938359,1253
1090624,954
1090624,559
1090624,2
1090624,1067
1090624,908
1090624,1310
1090624,726
1090624,934
1090624,787
1090624,68
42555,1228
42555,848
42555,658
42555,1006
42555,1122
42555,42
42555,822
42555,1264
42555,526
42555,778
79763,582
79763,867
79763,8
79763,608
79763,1481
79763,429
79763,102
79763,754
79763,518
79763,1183
1101296,1327
1101296,953
1101296,590
1101296,1112
1101296,1218
1101296,184
1101296,677
1101296,110
1101296,123
1101296,58
1090458,32
1090458,433
1090458,929
1090458,662
1090458,1110
1090458,460
1090458,362
1090458,577
1090458,1021
1090458,127
129491,617
129491,1474
129491,1334
129491,1204
129491,1408
129491,1443
129491,1288
129491,631
129491,1347
129491,573
57258,845
57258,994
57258,811
57258,816
57258,1447
57258,239
57258,328
57258,1250
57258,1018
57258,511
1090399,138
1090399,999
1090399,397
1090399,848
1090399,1444
1090399,1231
1090399,1297
1090399,10
1090399,1264
1090399,173
160312,1437
160312,96
160312,1287
160312,285
160312,636
160312,926
160312,1178
160312,341
160312,316
160312,987
100250,700
100250,79
100250,101
100250,834
100250,863
100250,645
100250,815
100250,1113
100250,288
100250,861
243761,1512
243761,1227
243761,1064
243761,1516
243761,1180
243761,728
243761,748
243761,1488
243761,9
243761,109